variant	af	af_2023	af_non2023	odds_ratio	FST	filter-pvalue	lrt-pvalue	beta	beta-std-err	intercept	PC1	PC2	PC3	PC4	PC5	PC6	PC7	PC8	PC9	PC10	notes	kmer length
ACTTAGCTCGGTAAAAGTATCTAAGATAGTA	0.862	0.9821428571428571	0.8021978021978022	1.2243150684931505	0.05750508527807996	1.73e-10	1.64e-13	2.68	0.53	-3.34	2.32	-0.034	0.207	-0.171	1.06	0.0697	-0.325	-0.117	0.482	0.116	NA	31
ACTATCTTAGATACTTTTACCGAGCTAAGTACCGAGCTAAGTACCGA	0.857	0.9776785714285714	0.7978021978021979	1.2254648760330578	0.059197306982194164	3.02e-10	6.04e-13	2.46	0.476	-3.12	2.14	-0.0348	0.192	-0.156	0.972	0.0705	-0.297	-0.101	0.446	0.0942	NA	47
GCGACCAAACCGGGCAGATCACCTTTAACCACTTTGGCGGCTTTGGGCTGAGTGGGGCTGC	0.708	0.8616071428571429	0.6329670329670329	1.3612196180555558	0.05669456295141673	7.13e-10	1.26e-10	1.28	0.217	-1.69	0.0571	-0.106	-0.0364	0.0925	0.0382	0.146	0.012	-0.027	0.0189	0.0637	NA	61
GCTTTTTTTATTTATTTGACTTAATCCCGAAGAAAATGGAACGTTAAATCACTTATCCTGC	0.557	0.7276785714285714	0.4725274725274725	1.5399709302325582	0.05818738282223124	3.12e-10	1.66e-10	1.09	0.177	-1.37	0.0462	-0.0946	-0.0383	0.0888	0.0294	0.135	0.00964	-0.0321	0.0308	0.0531	NA	61
GCAGGATAAGTGATTTAACGTTCCATTTTCCTCGGGATTAAGTCAAATAAATAAAAAAAGC	0.443	0.27232142857142855	0.5274725274725275	0.5162760416666666	0.058187382822231126	3.12e-10	1.66e-10	-1.09	0.177	-0.281	0.0462	-0.0946	-0.0383	0.0888	0.0294	0.135	0.00964	-0.0321	0.0308	0.0531	NA	61
TTACAAGCAAAGCGTTGGGTAATGATCAGATTAGTTCTATGACTAGCAGTACTACTGCAGT	0.711	0.8616071428571429	0.6373626373626373	1.3518318965517242	0.0547991055046515	1.34e-9	2.53e-10	1.27	0.217	-1.68	0.0565	-0.106	-0.0366	0.0924	0.0379	0.146	0.0118	-0.027	0.0192	0.0636	NA	61
TTACAAGCAAAGCGTTGGGTAATGATCAGACTAGTTCTATGACTAGCAGTACTACTGCAGT	0.289	0.13839285714285715	0.3626373626373626	0.3816287878787879	0.0547991055046515	1.34e-9	2.53e-10	-1.27	0.217	-0.412	0.0565	-0.106	-0.0366	0.0924	0.0379	0.146	0.0118	-0.027	0.0192	0.0636	NA	61
GATCACCTTTAACCCCTTTGGCGGCTTTGGGCTGAGTGGGGCTGC	0.286	0.13839285714285715	0.35824175824175825	0.38631134969325154	0.0529236362184925	2.49e-9	5.04e-10	-1.25	0.217	-0.419	0.056	-0.105	-0.0367	0.0922	0.0375	0.146	0.0116	-0.027	0.0195	0.0635	NA	45
TTATTTATTAGATTTAATAAAAAAAGATTACTT	0.975	0.9241071428571429	1	0.9241071428571429	0.05080192267232175	2.66e-9	1.53e-9	-4.32	12	3.53	0.14	-0.139	-0.0179	0.0714	0.329	0.165	0.00787	-0.0244	0.0146	0.0561	bad-chisq	33
CTCCCTCCCCCTCACGAGTGAAAACCCCGGGGC	0.972	0.9196428571428571	0.9978021978021978	0.9216685022026431	0.050233076403682686	6.39e-9	6.93e-9	-3.28	11.9	2.48	0.145	-0.14	-0.015	0.0701	0.33	0.164	0.0128	-0.0231	0.0158	0.0593	bad-chisq	33
CTTAGAGCCGGAACAAATTAAGCACAAGATCATCCAAAATAAGACTAAATTGGGCAAAATG	0.779	0.8928571428571429	0.7230769230769231	1.2348024316109423	0.0372955337929618	5.33e-7	1.45e-7	1.16	0.24	-1.66	0.0571	-0.104	-0.0353	0.0893	0.0419	0.144	0.0119	-0.0293	0.0217	0.0654	NA	61
CATTTTGCCCAATTTAGTCTTATTTTGGATAATCTTGTGCTTAATTTGTTCCGGCTCTAAG	0.221	0.10714285714285714	0.27692307692307694	0.38690476190476186	0.03729553379296191	5.33e-7	1.45e-7	-1.16	0.24	-0.503	0.0571	-0.104	-0.0353	0.0893	0.0419	0.144	0.0119	-0.0293	0.0217	0.0654	NA	61
GTCAACAGCATACCTTGCTTTGCGCCATAAGAAGCAGGGTACAGTAGCGTGCAGATCATTA	0.0191	0.05803571428571429	0	Inf	0.03739101025739988	2.12e-7	1.68e-7	4.05	0.669	-0.777	0.137	-0.133	-0.0162	0.0669	0.32	0.157	0.00823	-0.0227	0.0135	0.0545	bad-chisq	61
CTCCTCCAAGACCACAACACCCTCACCCCCAACACGCCCTTTACCACACCGCTCAATGGGG	0.0191	0.05803571428571429	0	Inf	0.03739101025739988	2.12e-7	1.68e-7	4.05	0.669	-0.777	0.137	-0.133	-0.0162	0.0669	0.32	0.157	0.00823	-0.0227	0.0135	0.0545	bad-chisq	61
GTCAACAGCATACCTTGCTTTGCGCCATAAAAAGCAGGGTACAGTAGCGTGCAGATCATTA	0.981	0.9419642857142857	1	0.9419642857142857	0.03242328888161117	2.12e-7	1.68e-7	-4.05	12	3.27	0.137	-0.133	-0.0162	0.0669	0.32	0.157	0.00823	-0.0227	0.0135	0.0545	bad-chisq	61
CCTTTTATTTATTAGATTTAATAAAAAAAGATTA	0.981	0.9419642857142857	1	0.9419642857142857	0.03242328888161117	2.12e-7	1.69e-7	-4.05	12	3.27	0.137	-0.133	-0.0162	0.067	0.32	0.157	0.00827	-0.023	0.0135	0.0546	bad-chisq	34
AAGTAATCTTTTTTTATTAAATCTAATAAAATAAAAGGATTGTAGTTACAAGCGTTGC	0.0191	0.05803571428571429	0	Inf	0.03739101025739988	2.12e-7	1.69e-7	4.05	0.67	-0.777	0.137	-0.133	-0.0162	0.067	0.32	0.157	0.00827	-0.023	0.0135	0.0546	bad-chisq	58
ACCCTGATCACCCCCGGGTTGGCTTGAACACCCCAGGACGTCGGTAACCTCGTTGTCAGT	0.0191	0.05803571428571429	0	Inf	0.03739101025739988	2.12e-7	1.69e-7	4.05	0.67	-0.777	0.137	-0.133	-0.0162	0.067	0.32	0.157	0.00827	-0.023	0.0135	0.0546	bad-chisq	60
GTTTAGAAATAATTTTTCAAAAATATCGAGATGCTTTAAAATTTAAAAACCTTAAGCCAAA	0.028	0.07589285714285714	0.004395604395604396	17.265625	0.04213462865016271	1.09e-7	1.73e-7	2.92	0.752	-0.786	0.0295	-0.0836	-0.0438	0.0841	0.0207	0.127	0.00131	-0.0258	0.0331	0.0525	NA	61
TTTGGCTTAAGGTTTTTAAATTTTAAAGCACCTCGATATTTTTGAAAAATTATTTCTAAAC	0.972	0.9241071428571429	0.9956043956043956	0.9281870860927153	0.042134628650164485	1.09e-7	1.73e-7	-2.92	0.752	2.14	0.0295	-0.0836	-0.0438	0.0841	0.0207	0.127	0.00131	-0.0258	0.0331	0.0525	NA	61
TAAAGATGAAAGGGTTTTCTTGCTCCAGACAGGGCTATCTTAC	0.231	0.35267857142857145	0.17142857142857143	2.057291666666667	0.04020926983085993	1.39e-7	2.45e-7	0.968	0.187	-0.958	0.0324	-0.0861	-0.0448	0.0863	0.0231	0.132	0.002	-0.0245	0.0325	0.0513	NA	43
GATCTGATTGATCAACTCAAACCGCTCTTCAATGACCAGTAAAAACTTTTTAAGTCAGTTA	0.243	0.36607142857142855	0.1824175824175824	2.006777108433735	0.0405214963999424	1.55e-7	2.65e-7	0.951	0.184	-0.966	0.0326	-0.0863	-0.045	0.0865	0.0232	0.133	0.00202	-0.0246	0.0326	0.0513	NA	61
TAACTGACTTAAAAAGTTTTTACTGGTCATGGAAGAGCGGTTTGAGTTGATCAATCAGATC	0.757	0.6339285714285714	0.8175824175824176	0.775369623655914	0.0405214963999424	1.55e-7	2.65e-7	-0.951	0.184	-0.0149	0.0326	-0.0863	-0.045	0.0865	0.0232	0.133	0.00202	-0.0246	0.0326	0.0513	NA	61
GTTTTCTTGCTCCAGACAGGGCTATCTTACTGGTCTCTTGCTCCTCGC	0.233	0.35267857142857145	0.17362637362637362	2.03125	0.040569195523711965	2.09e-7	3.6e-7	0.953	0.187	-0.956	0.0324	-0.086	-0.0448	0.0862	0.023	0.132	0.002	-0.0245	0.0325	0.0512	NA	48
ACCCAATTTGCCAAGCAACACCACACCCATTTGTATGAGC	0.973	0.9285714285714286	0.9956043956043956	0.9326710816777042	0.05548025856744321	3.18e-7	5.08e-7	-2.86	0.755	2.08	0.0328	-0.0867	-0.0434	0.0869	0.0205	0.131	0.00487	-0.0282	0.0382	0.0575	NA	40
GCGAGGAGCAAGAGACCAGTAAGATAGCCCGGTCTGGAGCAAGAAAACCCTTTCATCTTTA	0.766	0.6473214285714286	0.8241758241758241	0.7854166666666668	0.03807693514521082	3.11e-7	5.25e-7	-0.938	0.186	-0.0153	0.0323	-0.086	-0.0448	0.0861	0.023	0.132	0.00199	-0.0245	0.0325	0.0512	NA	61
TTGCTACTTTCTCCTCCCTCCCCCTCACGAGTGAAAACCCCGG	0.978	0.9375	0.9978021978021978	0.9395649779735683	0.03330479014677279	4.99e-7	6.22e-7	-3.01	12	2.23	0.14	-0.137	-0.0155	0.0693	0.321	0.161	0.0119	-0.0227	0.0153	0.0581	bad-chisq	43
GCAACGCTTGTAACTACAATCCTTTTATTTATTAGATTTAATAAAAAAAG	0.979	0.9419642857142857	0.9978021978021978	0.9440390969162995	0.051306992240809035	1.48e-6	1.83e-6	-2.95	12	2.17	0.136	-0.133	-0.0162	0.0669	0.319	0.157	0.00823	-0.0229	0.0135	0.0545	bad-chisq	50
TTACTTTCAAAAAATTTTTGAAGTTATTTTAGCACTTTCAAACTTTAAAGACCATTTAAAA	0.0206	0.05803571428571429	0.002197802197802198	26.40625	0.03328075111762374	1.48e-6	1.83e-6	2.95	1.12	-0.775	0.136	-0.133	-0.0163	0.0671	0.319	0.157	0.00837	-0.0227	0.0135	0.055	bad-chisq	61
GCAAGCAGCTACAAGTAGTACCACCACCGCAACAGGGG	0.0162	0.049107142857142856	0	Inf	0.033431442957667756	1.88e-6	3.7e-6	3.47	0.836	-0.768	0.0699	0.501	0.39	0.316	0.354	0.383	-0.0641	-0.0101	0.00139	0.0327	bad-chisq	38
TCTACACTAAGTCTAGTAGTAGTAGTAGTAGTA	0.554	0.6741071428571429	0.4945054945054945	1.3631944444444446	0.028753351612589628	9.58e-6	8e-6	0.749	0.171	-1.15	0.0189	-0.092	-0.0605	0.105	0.0271	0.139	-0.018	-0.0324	0.0336	0.0466	NA	33
TAGTAGTAGTAGTAGTAGTACTGGCGCAGCACA	0.554	0.6741071428571429	0.4945054945054945	1.3631944444444446	0.028753351612589628	9.58e-6	8e-6	0.749	0.171	-1.15	0.0189	-0.092	-0.0605	0.105	0.0271	0.139	-0.018	-0.0324	0.0336	0.0466	NA	33
